{"R": 124.53792119344075, "G": 116.09925201212565, "B": 106.33358149210612}