{"R": 124.28961932128907, "G": 115.7950723449707, "B": 106.25096772460938}