{"R": 124.9632808178711, "G": 115.90419427490234, "B": 106.10282221435547}