{"R": 124.84723419053819, "G": 115.82721069878473, "B": 105.95276488715278}