{"R": 124.87085740722657, "G": 115.84098471191406, "B": 106.01359736816406}